"sprint_number","story_ids","total_points","sprint_goal","dependencies_resolved","story_number"
"1","[""US-001"",""US-061"",""US-052"",""US-053"",""US-070"",""US-069""]","23","Establish the core application shell, basic calculation functionality, and foundational user registration/login flows with legal compliance.","true",""
"2","[""US-024"",""US-007"",""US-008"",""US-002"",""US-003"",""US-014""]","14","Implement the full suite of trigonometric functions with robust error handling and support for engineering notation.","true",""
"3","[""US-012"",""US-013"",""US-054"",""US-020"",""US-055""]","17","Deliver persistent user data by implementing calculation history and user-defined variables for registered users.","true",""
"4","[""US-016"",""US-017"",""US-018"",""US-019"",""US-022"",""US-023""]","11","Complete the core data management features by implementing full memory functions (M+, M-, MR, MC) and variable management (list, edit, delete).","true",""
"5","[""US-004"",""US-005"",""US-006"",""US-009"",""US-010"",""US-011""]","9","Finalize the core scientific calculator feature set by adding remaining math functions, constants, and undo/redo capabilities.","true",""
"","[""US-041"",""US-042"",""US-046"",""US-056""]","20","Build the foundational framework for Custom Modes, including the creation wizard (steps 1 & 2), the management list view, and backend persistence.","true","6"
"7","[""US-043"",""US-044""]","18","Implement the core logic for the Custom Mode feature by building the formula editor with real-time validation.","true",""
"8","[""US-047"",""US-048"",""US-049""]","16","Complete the Custom Mode lifecycle by enabling users to launch, use, edit, and delete their creations.","true",""
"9","[""US-027"",""US-028"",""US-029"",""US-032"",""US-033"",""US-030"",""US-031""]","11","Launch the first set of Advanced Electronics Features: the Ohm's Law calculator and the Resistor Combination tool (Series & Parallel).","true",""
"10","[""US-059"",""US-060""]","18","Deliver a robust offline experience by implementing service worker caching and automatic data synchronization for registered users.","true",""
"11","[""US-062"",""US-063""]","34","Achieve full WCAG 2.1 AA compliance by implementing comprehensive keyboard-only navigation and screen reader compatibility across the entire application. (Note: High point total may require splitting this work across two sprints).","true",""
"12","[""US-071"",""US-058"",""US-025"",""US-026""]","23","Finalize compliance and support features, including GDPR/CCPA data export, account deletion, and a searchable in-app help system.","true",""